<?xml version="1.0" encoding="utf-8"?>

<mesh>
  <mode>
    4 <!--quads-->
  </mode>
  <vertices>
  <!--back-->
    
    -0.5f, -0.5f, -0.5f<!--bottom left-->
    
    0.5f, -0.5f, -0.5f<!--bottom right-->
    
    0.5f, 0.5f, -0.5f<!--top right-->
    
    -0.5f, 0.5f, -0.5f<!--top left-->


    <!--left-->
	
	-0.5f, -0.5f, 0.5f <!--bottom-->
   
    -0.5f, -0.5f, -0.5f<!--back bottom-->
    
    -0.5f, 0.5f, -0.5f<!--back top-->
    
    -0.5f, 0.5f, 0.5f<!--front top-->


    <!--front-->
   
    -0.5f, -0.5f, 0.5f<!--bottom left-->
    
    -0.5f, 0.5f, 0.5f<!--top left-->
    
    0.5f, 0.5f, 0.5f<!--top right-->
    
    0.5f, -0.5f, 0.5f<!--bottom right-->


    <!--right-->
   
    0.5f, -0.5f, 0.5f<!--front bottom-->
    
    0.5f, 0.5f, 0.5f<!--front top-->
    
    0.5f, 0.5f, -0.5f<!--back top-->
    
    0.5f, -0.5f, -0.5f<!--back bottom-->


  <!--top-->
    
    -0.5f, 0.5f, 0.5f<!--front left-->
    
   -0.5f, 0.5f, -0.5f<!--back left-->
   
    0.5f, 0.5f, -0.5f<!--back right-->
    
    0.5f, 0.5f, 0.5f<!--front right-->


  <!--bottom-->
   
    -0.5f, -0.5f, 0.5f<!--front left-->
   
    0.5f, -0.5f, 0.5f<!--front right-->
    
    0.5f, -0.5f, -0.5f<!--back right-->
  
    -0.5f, -0.5f, -0.5f<!--back left-->
  </vertices>
  
  <indices>
    
  </indices>
  
  <textCoords>
    <!--back-->
    1, 1
    0, 1
    0, 0
    1, 0

    <!--left-->
    1, 1
    0, 1
    0, 0
    1, 0
    
    <!--front-->
    0, 1
    0, 0
    1, 0
    1, 1
    
    <!--right-->
    0, 1
    0, 0
    1, 0
    1, 1

    <!--top-->
    0, 1
    0, 0
    1, 0
    1, 1

    <!--bottom-->
    0, 0
    1, 0
    1, 1
    0, 1
   
  </textCoords>
  
  <colors>

  </colors>
</mesh>

