<?xml version="1.0" encoding="utf-8"?>

<mesh>
  <vertices>
    -0.5f, 0.0f, 0.0f <!--bottom left-->
    0.5f, 0.0f, 0.0f<!--bottom right -->
    0.3f, 0.6f, -0.2f<!--top right-->
    
    -0.3f, 0.6f, -0.2f<!--top left-->
    -0.5f, 0.0f, 0.0f <!--bottom left-->
    0.3f, 0.6f, -0.2f<!--top right-->

    0.0f,  0.5f, -2.2f<!--tip-->
    -0.5f, 0.0f, 0.0f <!--bottom left-->
    -0.3f, 0.6f, -0.2f<!--top left-->

    0.0f,  0.5f, -2.2f<!--tip-->
    -0.3f, 0.6f, -0.2f<!--top left-->
    0.3f, 0.6f, -0.2f<!--top right-->

    0.0f,  0.5f, -2.2f<!--tip-->
    0.3f, 0.6f, -0.2f<!--top right-->
    0.5f, 0.0f, 0.0f<!--bottom right -->

    0.0f,  0.5f, -2.2f<!--tip-->
    0.5f, 0.0f, 0.0f<!--bottom right -->
    -0.5f, 0.0f, 0.0f <!--bottom left-->
  </vertices>
  <indices>
  0, 1, 2
  3, 4, 5,
  6, 7, 8
  9, 10, 11,
  12, 13, 14,
  15, 16, 17
  </indices>
  <colors>
    0.5f, 0.0f, 0.0f <!--bottom left-->
    0.5f, 0.0f, 0.0f<!--bottom right -->
    0.3f, 0.6f, 0.2f<!--top right-->

    0.3f, 0.6f, -0.2f<!--top left-->
    0.5f, 0.0f, 0.0f <!--bottom left-->
    0.3f, 0.6f, -0.2f<!--top right-->

    0.0f,  0.5f, 2.2f<!--tip-->
    0.5f, 0.0f, 0.0f <!--bottom left-->
    0.3f, 0.6f, -0.2f<!--top left-->

    0.0f,  0.5f, 2.2f<!--tip-->
    0.3f, 0.6f, -0.2f<!--top left-->
    0.3f, 0.6f, -0.2f<!--top right-->

    0.0f,  0.5f, 2.2f<!--tip-->
    0.3f, 0.6f, 0.2f<!--top right-->
    0.5f, 0.0f, 0.0f<!--bottom right -->

    0.0f,  0.5f, 2.2f<!--tip-->
    0.5f, 0.0f, 0.0f<!--bottom right -->
    0.5f, 0.0f, 0.0f <!--bottom left-->
  </colors>
  <old>
    -0.5f, 0.0f, 0.0f,
    0.5f, 0.0f, 0.0f,
    0.3f, 0.6f, -0.2f,
    -0.3f, 0.6f, -0.2f,
    0.0f, 0.5f, -2.2f
    <indices>
      0, 1, 2,
      0, 2, 3,
      0, 3, 4,
      0, 4, 1,
      3, 2, 4,
      1, 4, 2
    </indices>
  </old>
</mesh>

