<?xml version="1.0" encoding="utf-8"?>

<mesh>
  <mode>
    3 <!--triangles-->
  </mode>
  <textCoords>
    
  </textCoords>
  <vertices>
    -0.5, 0.0, 0.0<!--0 bottom left front-->
    0.5f, 0.0, 0.0<!--1 bottom right front-->
    0.5, 1.0, 0.0<!--2 top right front-->
    -0.5, 1.0, 0.0<!--3 top left front-->

    0.5, 0.0, -3.0<!--4 bottom back right-->
    -0.5, 0.0, -3.0<!--5 bottom back left-->
    -0.5, 1.0, -3.0<!--6 top back left-->
    0.5, 1.0, -3.0<!--7 top back right-->
  </vertices>
  <indices>
    <!--front-->
    1, 2, 3
    1, 3, 0
    <!--right-->
    1, 4, 2,
    4, 7, 2
    <!--top-->
    6, 3, 2,
    6, 2, 7
    <!--left-->
    5, 0, 3,
    5, 3, 6
    <!--bottom-->
    1, 0, 5
    1, 5, 4
    <!--back-->
    4, 5, 6
    4, 6, 7
  </indices>
  <colors>

  </colors>
</mesh>

